{"0": {"base_len": 0.1, "side_len": 0.061803398874989486, "height": 0.03632712640026804, "base_angle": 36, "L_coord": [0.45, 0], "R_coord": [0.55, 0], "T_coord": [0.5, 0.03632712640026804]}, "1": {"base_len": 0.1, "side_len": 0.07945078645328747, "height": 0.06174485782675256, "base_angle": 51, "L_coord": [0.45, 0], "R_coord": [0.55, 0], "T_coord": [0.5, 0.06174485782675256]}, "2": {"base_len": 0.1, "side_len": 0.12292966677871194, "height": 0.11230183869521082, "base_angle": 66, "L_coord": [0.45, 0], "R_coord": [0.55, 0], "T_coord": [0.5, 0.11230183869521082]}, "3": {"base_len": 0.25, "side_len": 0.1545084971874737, "height": 0.0908178160006701, "base_angle": 36, "L_coord": [0.375, 0], "R_coord": [0.625, 0], "T_coord": [0.5, 0.0908178160006701]}, "4": {"base_len": 0.25, "side_len": 0.19862696613321867, "height": 0.1543621445668814, "base_angle": 51, "L_coord": [0.375, 0], "R_coord": [0.625, 0], "T_coord": [0.5, 0.1543621445668814]}, "5": {"base_len": 0.25, "side_len": 0.30732416694677983, "height": 0.28075459673802705, "base_angle": 66, "L_coord": [0.375, 0], "R_coord": [0.625, 0], "T_coord": [0.5, 0.28075459673802705]}, "6": {"base_len": 0.5, "side_len": 0.3090169943749474, "height": 0.1816356320013402, "base_angle": 36, "L_coord": [0.25, 0], "R_coord": [0.75, 0], "T_coord": [0.5, 0.1816356320013402]}, "7": {"base_len": 0.5, "side_len": 0.39725393226643735, "height": 0.3087242891337628, "base_angle": 51, "L_coord": [0.25, 0], "R_coord": [0.75, 0], "T_coord": [0.5, 0.3087242891337628]}, "8": {"base_len": 0.5, "side_len": 0.6146483338935597, "height": 0.5615091934760541, "base_angle": 66, "L_coord": [0.25, 0], "R_coord": [0.75, 0], "T_coord": [0.5, 0.5615091934760541]}, "9": {"base_len": 0.75, "side_len": 0.4635254915624211, "height": 0.2724534480020103, "base_angle": 36, "L_coord": [0.125, 0], "R_coord": [0.875, 0], "T_coord": [0.5, 0.2724534480020103]}, "10": {"base_len": 0.75, "side_len": 0.595880898399656, "height": 0.4630864337006442, "base_angle": 51, "L_coord": [0.125, 0], "R_coord": [0.875, 0], "T_coord": [0.5, 0.4630864337006442]}, "11": {"base_len": 0.75, "side_len": 0.9219725008403394, "height": 0.8422637902140812, "base_angle": 66, "L_coord": [0.125, 0], "R_coord": [0.875, 0], "T_coord": [0.5, 0.8422637902140812]}, "12": {"base_len": 1, "side_len": 0.6180339887498948, "height": 0.3632712640026804, "base_angle": 36, "L_coord": [0.0, 0], "R_coord": [1.0, 0], "T_coord": [0.5, 0.3632712640026804]}, "13": {"base_len": 1, "side_len": 0.7945078645328747, "height": 0.6174485782675256, "base_angle": 51, "L_coord": [0.0, 0], "R_coord": [1.0, 0], "T_coord": [0.5, 0.6174485782675256]}, "14": {"base_len": 1, "side_len": 1.2292966677871193, "height": 1.1230183869521082, "base_angle": 66, "L_coord": [0.0, 0], "R_coord": [1.0, 0], "T_coord": [0.5, 1.1230183869521082]}}