{"0": {"base_len": 0.1, "side_len": 0.057735026918962574, "height": 0.028867513459481284, "base_angle": 30, "L_coord": [0.45, 0], "R_coord": [0.55, 0], "T_coord": [0.5, 0.028867513459481284]}, "1": {"base_len": 0.1, "side_len": 0.07071067811865475, "height": 0.049999999999999996, "base_angle": 45, "L_coord": [0.45, 0], "R_coord": [0.55, 0], "T_coord": [0.5, 0.049999999999999996]}, "2": {"base_len": 0.1, "side_len": 0.09999999999999998, "height": 0.08660254037844384, "base_angle": 60, "L_coord": [0.45, 0], "R_coord": [0.55, 0], "T_coord": [0.5, 0.08660254037844384]}, "3": {"base_len": 0.25, "side_len": 0.14433756729740643, "height": 0.0721687836487032, "base_angle": 30, "L_coord": [0.375, 0], "R_coord": [0.625, 0], "T_coord": [0.5, 0.0721687836487032]}, "4": {"base_len": 0.25, "side_len": 0.17677669529663687, "height": 0.12499999999999997, "base_angle": 45, "L_coord": [0.375, 0], "R_coord": [0.625, 0], "T_coord": [0.5, 0.12499999999999997]}, "5": {"base_len": 0.25, "side_len": 0.24999999999999994, "height": 0.2165063509461096, "base_angle": 60, "L_coord": [0.375, 0], "R_coord": [0.625, 0], "T_coord": [0.5, 0.2165063509461096]}, "6": {"base_len": 0.5, "side_len": 0.28867513459481287, "height": 0.1443375672974064, "base_angle": 30, "L_coord": [0.25, 0], "R_coord": [0.75, 0], "T_coord": [0.5, 0.1443375672974064]}, "7": {"base_len": 0.5, "side_len": 0.35355339059327373, "height": 0.24999999999999994, "base_angle": 45, "L_coord": [0.25, 0], "R_coord": [0.75, 0], "T_coord": [0.5, 0.24999999999999994]}, "8": {"base_len": 0.5, "side_len": 0.4999999999999999, "height": 0.4330127018922192, "base_angle": 60, "L_coord": [0.25, 0], "R_coord": [0.75, 0], "T_coord": [0.5, 0.4330127018922192]}, "9": {"base_len": 0.75, "side_len": 0.4330127018922193, "height": 0.21650635094610962, "base_angle": 30, "L_coord": [0.125, 0], "R_coord": [0.875, 0], "T_coord": [0.5, 0.21650635094610962]}, "10": {"base_len": 0.75, "side_len": 0.5303300858899106, "height": 0.37499999999999994, "base_angle": 45, "L_coord": [0.125, 0], "R_coord": [0.875, 0], "T_coord": [0.5, 0.37499999999999994]}, "11": {"base_len": 0.75, "side_len": 0.7499999999999999, "height": 0.6495190528383289, "base_angle": 60, "L_coord": [0.125, 0], "R_coord": [0.875, 0], "T_coord": [0.5, 0.6495190528383289]}, "12": {"base_len": 1, "side_len": 0.5773502691896257, "height": 0.2886751345948128, "base_angle": 30, "L_coord": [0.0, 0], "R_coord": [1.0, 0], "T_coord": [0.5, 0.2886751345948128]}, "13": {"base_len": 1, "side_len": 0.7071067811865475, "height": 0.4999999999999999, "base_angle": 45, "L_coord": [0.0, 0], "R_coord": [1.0, 0], "T_coord": [0.5, 0.4999999999999999]}, "14": {"base_len": 1, "side_len": 0.9999999999999998, "height": 0.8660254037844384, "base_angle": 60, "L_coord": [0.0, 0], "R_coord": [1.0, 0], "T_coord": [0.5, 0.8660254037844384]}}