{"base_len": 0.66, "side_len": 0.5901362444905621, "height": 0.4892451196092042, "base_angle": 56, "L_coord": [0.16999999999999998, 0], "R_coord": [0.8300000000000001, 0], "T_coord": [0.5, 0.4892451196092042]}